<?xml version="1.0" encoding="UTF-8"?>
<web-app xmlns="http://java.sun.com/xml/ns/javaee"
         xmlns:xsi="http://www.w3.org/2001/XMLSchema-instance"
         xsi:schemaLocation="http://java.sun.com/xml/ns/javaee http://java.sun.com/xml/ns/javaee/web-app_3_0.xsd"
         version="3.0">

    <context-param>
        <param-name>javax.faces.PROJECT_STAGE</param-name>
        <param-value>Development</param-value>
    </context-param>
    <context-param>
        <param-name>javax.faces.FACELETS_REFRESH_PERIOD</param-name>
        <param-value>2</param-value>
    </context-param>

    <context-param>
        <param-name>com.sun.faces.resourceUpdateCheckPeriod</param-name>
        <param-value>2</param-value>
    </context-param>
    
   	<listener>
	    <listener-class>
	     com.sun.faces.config.ConfigureListener
	    </listener-class>
	  </listener>
</web-app>
